<?xml version="1.0" encoding="UTF-8"?>
<project-private xmlns="http://www.netbeans.org/ns/project-private/1">
    <editor-bookmarks xmlns="http://www.netbeans.org/ns/editor-bookmarks/2" lastBookmarkId="0"/>
    <open-files xmlns="http://www.netbeans.org/ns/projectui-open-files/2">
        <group>
            <file>file:/Users/davidmizrahi/NetBeansProjects/simulacionSO/src/simulacionso/PriorityQueue.java</file>
            <file>file:/Users/davidmizrahi/NetBeansProjects/simulacionSO/src/simulacionso/PriorityQueuePrueba.java</file>
            <file>file:/Users/davidmizrahi/NetBeansProjects/simulacionSO/src/Interfaz/VentanaCargaDocumentos.java</file>
            <file>file:/Users/davidmizrahi/NetBeansProjects/simulacionSO/src/simulacionso/RegistroDocs.java</file>
            <file>file:/Users/davidmizrahi/NetBeansProjects/simulacionSO/src/simulacionso/Documento.java</file>
            <file>file:/Users/davidmizrahi/NetBeansProjects/simulacionSO/src/simulacionso/HashTable.java</file>
            <file>file:/Users/davidmizrahi/NetBeansProjects/simulacionSO/src/simulacionso/FileHandling.java</file>
            <file>file:/Users/davidmizrahi/NetBeansProjects/simulacionSO/src/Interfaz/UI_new.java</file>
            <file>file:/Users/davidmizrahi/NetBeansProjects/simulacionSO/src/simulacionso/GestorUsuarios.java</file>
            <file>file:/Users/davidmizrahi/NetBeansProjects/simulacionSO/src/simulacionso/SimulacionSO.java</file>
        </group>
    </open-files>
</project-private>
